dataset,krao,selection,proj_sel,proj_sel_qtt,bang,total
16, 0.186868, 1.198543, 0.521472, 0.514725, 0.088723, 2.510331
16, 0.192192, 1.086143, 0.321054, 0.458263, 0.089304, 2.146956
16, 0.201734, 1.040143, 0.279044, 0.423553, 0.086653, 2.031127
16, 0.177350, 1.091542, 0.333353, 0.452065, 0.086604, 2.140914
16, 2.944039, 1.142845, 0.314554, 2.910487, 0.115018, 7.426943
16, 0.216177, 1.115063, 0.292525, 0.424475, 0.087978, 2.136218
