dataset,krao,selection,proj_sel,proj_sel_qtt,bang,total
2, 0.070566, 0.044939, 0.064277, 0.099873, 0.021268, 0.300923
2, 0.067083, 0.038507, 0.056171, 0.069413, 0.017156, 0.248330
2, 0.053332, 0.037051, 0.053435, 0.068843, 0.017185, 0.229846
2, 0.096469, 0.044910, 0.060535, 0.071058, 0.017194, 0.290166
2, 0.123317, 0.038133, 0.053469, 0.068625, 0.017186, 0.300730
2, 0.058691, 0.045053, 0.051755, 0.068239, 0.017154, 0.240892
