dataset,krao,selection,proj_sel,proj_sel_qtt,bang,total
1, 0.102109, 0.019627, 0.028821, 0.033425, 0.008045, 0.192027
1, 0.078062, 0.019365, 0.033208, 0.047306, 0.010601, 0.188542
1, 0.077759, 0.019343, 0.028982, 0.030462, 0.008296, 0.164842
1, 0.081234, 0.019682, 0.028063, 0.035322, 0.008578, 0.172879
1, 0.070150, 0.019472, 0.027772, 0.035302, 0.008578, 0.161274
1, 0.051452, 0.022848, 0.031333, 0.050011, 0.010587, 0.166231
1, 0.091158, 0.019494, 0.025593, 0.033316, 0.008051, 0.177612
1, 0.213821, 0.018453, 0.024422, 0.032564, 0.008051, 0.297311
