dataset,krao,selection,proj_sel,proj_sel_qtt,bang,total
8, 0.422895, 1.645801, 0.209590, 0.407494, 0.065936, 2.751716
8, 0.296712, 0.699636, 0.155132, 0.218666, 0.048532, 1.418678
8, 0.523687, 1.113854, 0.193979, 0.544644, 0.067020, 2.443184
8, 0.506582, 1.370330, 0.209543, 0.407661, 0.066374, 2.560490
